open,high,low,close,volume
23558.64,23642.0,23540.74,23551.62,8297.11995
23551.99,23561.34,23463.47,23491.46,7628.19288
23490.81,23509.94,23346.16,23391.52,9923.43017
23391.13,23435.93,23370.34,23405.39,6582.17285
23405.82,23456.85,23401.55,23423.31,6150.15472
23423.88,23455.31,23340.0,23358.91,9430.35631
23359.32,23439.76,23332.65,23389.37,7028.65862
23388.94,23420.0,23348.74,23378.79,6089.32626
23378.79,23448.43,23369.36,23428.87,5947.51276
23428.87,23440.94,23379.25,23403.18,6925.01687
23403.18,23800.45,23397.35,23703.01,25039.87095
23704.29,23862.29,23675.5,23803.46,22864.22692
23803.46,23897.99,23465.1,23559.4,28786.91218
23557.66,23618.3,23159.33,23391.49,29121.51151
23391.55,23425.0,23266.66,23334.4,13278.02322
23333.49,23370.0,23150.0,23288.77,16374.33712
23288.55,23360.0,23218.56,23276.35,12682.7273
23276.34,23329.83,23106.77,23321.37,14992.86572
23320.38,23397.34,23294.47,23381.38,7859.07628
23381.38,23557.79,23361.07,23482.13,8556.598
23481.28,23582.98,23448.2,23492.09,7652.60463
23492.09,23549.99,23409.79,23420.55,8213.50429
23420.55,23460.01,23349.57,23433.16,6764.46987
23433.16,23475.73,23386.79,23441.76,5375.65079
23441.76,23526.0,23436.12,23467.52,5543.48447
23467.01,23470.44,23386.31,23415.0,6494.24434
23414.64,23447.76,23364.01,23378.45,5809.14462
23377.69,23414.34,23362.25,23392.3,5199.44704
23391.69,23397.58,23212.8,23236.68,11630.4661
23235.63,23302.94,23200.0,23264.21,9632.76893
23263.3,23321.76,23244.21,23267.79,6848.87325
23268.43,23391.03,23253.5,23363.9,8325.6543
23363.9,23421.98,23335.47,23392.69,8271.20474
23391.96,23506.11,23385.29,23454.54,11972.91998
23454.01,23487.78,23368.79,23403.17,11459.31902
23403.17,23579.12,23315.42,23425.94,22722.18937
23425.19,23546.32,23403.45,23518.3,22232.18293
23519.08,23600.0,23426.47,23456.05,15181.60413
23456.05,23558.34,23447.5,23526.54,10063.01586
23525.9,23550.0,23436.88,23481.63,10634.98137
23481.63,23492.84,23205.06,23264.36,18237.24695
23263.38,23343.55,23166.35,23272.05,15233.07563
23270.59,23277.98,23020.97,23139.89,19752.93941
23138.89,23240.82,23094.69,23161.38,9845.54159
23160.47,23199.96,23098.35,23141.57,8697.06996
23141.57,23219.99,23020.03,23101.0,12736.94918
23101.0,23296.94,23075.14,23245.96,11574.1772
23245.96,23336.46,23234.2,23331.21,7905.82139
23332.57,23498.0,23305.97,23441.14,14946.69431
23440.37,23847.0,23425.44,23794.48,15445.26401
23794.48,23821.56,23631.97,23694.17,12473.00946
23695.14,23803.39,23666.0,23752.75,11365.96869
23752.75,23762.22,23681.0,23716.06,10152.89081
23716.06,24000.0,23681.81,23867.78,15049.10338
23869.01,23907.68,23725.07,23756.14,13185.74931
23755.74,23787.46,23673.44,23777.62,9259.78151
23777.62,23788.4,23700.0,23739.17,8099.11946
23739.87,23820.51,23701.09,23722.6,9882.62622
23722.6,23735.17,23616.45,23689.45,12613.43277
23689.97,23888.0,23570.0,23679.86,23100.2818
23679.86,23770.0,23550.8,23711.09,25931.50196
23711.09,23746.24,23555.06,23691.9,20056.88622
23692.54,23744.68,23669.3,23704.68,11849.32755
23704.68,23724.82,23646.73,23690.88,9019.93201
23690.88,23695.57,23328.16,23355.14,18614.35177
23354.03,23471.62,23300.0,23421.23,15139.12216
23421.23,23593.32,23368.41,23553.73,10927.13943
23553.94,23579.52,23440.39,23531.94,7214.3267
23531.41,23674.6,23501.2,23628.97,8743.96007
23629.76,23796.93,23595.11,23606.95,12203.50378
23606.31,23635.87,23445.63,23513.5,11886.61896
23514.29,23543.63,23448.92,23494.47,7889.41687
23494.47,23513.49,23423.17,23494.29,6939.1213
23494.29,23546.82,23469.43,23536.33,4693.64663
23536.34,23544.76,23410.65,23445.71,6316.91756
23445.48,23474.35,23374.46,23437.86,8081.01585
23437.86,23448.08,23335.41,23391.87,8862.36324
23391.87,23466.68,23347.76,23443.67,9464.04322
23443.67,23468.5,23386.45,23400.39,6826.56119
23399.85,23419.66,23337.37,23375.64,8741.26195
23375.22,23429.83,23359.24,23414.73,6999.04416
23414.73,23434.26,23319.0,23355.54,10609.32723
23354.61,23412.0,23236.0,23308.95,17949.99508
23309.98,23349.21,23195.9,23305.46,19651.20803
23305.46,23383.83,23274.08,23361.11,15400.2868
23361.1,23387.84,23250.24,23279.98,11198.50222
23279.45,23319.36,23231.29,23268.91,9066.42684
23269.02,23458.94,23254.31,23441.14,12172.8056
23441.14,23507.97,23388.76,23463.99,14125.24813
23463.4,23567.52,23425.09,23467.06,12613.16616
23467.64,23474.09,23386.44,23408.65,6454.34131
23409.47,23557.01,23408.65,23460.97,6018.14551
23460.27,23504.01,23429.32,23465.32,5152.48457
23465.32,23476.95,23398.85,23418.5,5032.12995
23417.58,23425.7,21971.13,22150.31,58703.56909
22150.31,22454.94,22099.18,22348.57,27017.16031
22347.51,22400.87,22276.9,22319.69,14249.44828
22319.69,22393.33,22251.08,22376.5,10661.47999
22376.46,22411.36,22329.14,22341.8,9261.94983
22341.8,22402.25,22325.81,22378.73,9627.66386
22379.01,22404.7,22332.03,22360.78,9973.58999
22360.78,22453.88,22354.36,22430.33,10403.79747
22430.33,22479.97,22346.84,22368.54,9762.17569
22368.54,22393.65,22339.26,22351.43,6371.83274
22352.09,22367.53,22300.14,22342.92,7581.26516
22343.06,22370.0,22323.16,22354.0,8263.56857
22353.46,22428.34,22172.65,22402.8,17076.83237
22402.79,22498.99,22361.02,22376.0,18666.5865
22377.34,22417.48,22228.99,22336.33,19801.36428
22335.84,22382.14,22322.0,22374.15,9549.69645
22375.36,22448.25,22366.26,22413.17,10207.73624
22413.38,22422.91,22229.25,22313.2,14044.11611
22313.2,22397.76,22289.84,22358.48,8452.36394
22357.83,22378.22,22274.0,22308.16,8238.69603
22307.08,22316.15,22147.0,22239.92,14773.22101
22239.92,22338.75,22224.68,22320.99,5433.81752
22320.99,22377.26,22313.17,22354.34,6800.13647
22354.34,22392.17,22330.01,22368.49,5359.40241
22369.11,22392.11,22336.0,22342.01,4859.5416
22342.39,22359.39,22333.78,22339.87,2961.2576
22339.87,22354.55,22323.05,22346.66,3912.61644
22346.65,22368.0,22325.9,22343.94,4423.52645
22343.94,22344.88,22269.94,22328.18,5575.87165
22328.18,22410.0,22313.21,22364.69,6772.60746
22364.69,22378.23,22351.0,22359.09,3936.88885
22359.44,22363.68,22331.78,22341.21,4199.25017
22341.55,22376.97,22339.51,22350.97,3587.04286
22350.72,22357.68,22322.3,22332.76,4403.12693
22332.84,22358.3,22331.89,22349.46,3421.02678
22349.46,22398.0,22338.84,22385.31,5043.61663
22385.31,22388.22,22355.37,22355.8,4202.97939
22355.8,22368.0,22331.13,22342.79,4918.68309
22343.18,22352.48,22307.98,22317.87,5082.7188
22317.38,22347.93,22293.05,22324.86,5340.06662
22324.9,22333.97,22301.85,22307.12,3412.49485
22306.85,22332.0,22245.43,22320.97,4645.85724
22320.66,22326.2,22227.2,22250.78,5085.56443
22250.67,22265.0,22184.0,22250.34,8543.67924
22250.33,22251.61,22157.08,22213.65,9870.41959
22213.65,22359.0,22202.0,22305.98,7313.93543
22306.45,22353.2,22290.78,22346.57,4385.20681
22346.57,22389.32,22313.41,22379.25,5458.32443
22379.83,22662.09,22348.0,22591.68,19036.63222
22591.14,22612.84,22189.22,22360.82,16198.56489
22360.82,22441.05,22356.5,22387.02,7129.15803
22387.02,22470.93,22378.18,22440.73,6705.11842
22440.73,22446.56,22391.18,22418.99,3884.5023
22419.32,22427.0,22401.54,22415.73,3596.06691
22415.76,22421.21,22365.26,22375.7,5114.22735
22375.7,22399.45,22328.0,22342.71,5206.97415
22342.09,22398.28,22316.63,22368.47,5240.4889
22369.14,22448.8,22363.27,22410.83,5446.74669
22410.83,22422.54,22381.0,22389.77,4195.79843
22390.12,22444.0,22388.57,22420.34,4665.11241
22419.89,22494.96,22418.02,22465.77,7748.08011
22465.77,22478.87,22417.01,22432.46,5437.93651
22431.75,22470.7,22421.5,22436.18,4576.90893
22436.7,22460.07,22421.28,22442.92,4436.7045
22442.92,22455.0,22419.82,22427.47,3280.75121
22427.47,22449.51,22422.02,22429.26,3058.34398
22428.98,22450.0,22374.6,22403.45,5493.7921
22403.45,22425.0,22395.8,22409.05,3495.35861
22408.58,22560.0,22331.0,22483.46,11941.94716
22483.46,22486.86,22380.0,22433.0,5630.39284
22432.48,22462.22,22361.75,22430.24,7863.82678
22430.24,22470.08,22361.43,22446.48,6995.2835
22446.48,22508.0,22322.34,22379.24,13476.08464
22378.49,22405.94,22258.0,22391.58,13345.40628
22391.12,22417.29,22368.35,22387.19,4454.02779
22387.19,22399.6,22334.06,22342.63,5464.70816
22342.63,22372.32,22313.94,22370.18,5278.67525
22369.79,22436.0,22364.8,22405.93,4976.03351
22406.59,22434.0,22385.12,22392.74,5121.62517
22392.74,22450.0,22356.08,22413.23,8219.82713
22413.23,22421.3,22364.07,22403.68,6645.55743
22403.09,22414.0,22371.0,22399.78,6252.80739
22399.78,22402.63,22355.0,22379.57,7025.94946
22379.95,22413.54,22357.08,22397.42,6275.93365
22397.72,22487.99,22387.01,22439.77,10229.51494
22440.32,22483.92,22403.2,22450.0,11368.76483
22449.46,22602.19,22432.07,22553.42,16288.43096
22554.43,22586.98,22465.6,22524.46,13401.27685
22524.46,22536.07,22470.89,22481.63,7812.16565
22481.63,22539.68,22465.0,22504.09,8130.25619
22504.08,22512.72,22358.0,22393.35,15939.35736
22393.35,22416.41,22331.0,22352.17,9704.53262
22352.17,22439.99,22320.01,22408.53,6259.16469
22408.53,22450.0,22407.08,22433.65,4722.66921
22433.65,22446.09,22390.07,22410.0,6363.77691
22409.41,22428.0,22377.69,22415.92,6254.62047
22415.54,22508.88,22411.8,22484.8,8865.01381
22484.8,22509.99,22452.48,22497.86,5734.12894
22497.87,22557.91,22445.22,22460.54,7212.57315
22460.99,22479.8,22453.98,22474.36,4032.26352
22474.36,22479.85,22443.73,22460.67,4659.12544
22460.09,22461.31,22408.09,22438.52,6458.64388
22438.07,22453.9,22410.24,22419.71,5882.30757
22420.29,22426.65,22395.05,22420.18,6693.99498
22420.53,22426.17,22345.49,22381.17,10907.2766
22381.17,22432.6,22367.3,22372.85,8537.41518
22372.85,22398.11,22321.0,22351.02,9399.6095
22351.02,22410.2,22335.36,22399.07,8470.94616
22399.07,22410.0,22354.1,22363.89,8071.28679
22363.53,22383.58,22200.32,22309.18,21090.97003
22309.18,22489.88,21927.0,22320.9,59648.47568
22321.98,22394.08,22192.84,22238.77,21822.97104
22238.77,22360.0,22224.96,22309.28,15164.53002
22308.25,22331.49,22160.64,22199.96,13467.03162
22198.49,22249.98,22054.92,22124.77,11681.7156
22125.99,22145.29,21996.0,22054.51,19088.27298
22055.64,22116.66,21943.0,22056.26,12708.13147
22055.95,22122.22,21981.64,22105.65,7923.57217
22105.65,22230.51,22075.51,22197.96,8744.93252
22198.56,22287.0,22190.32,22245.86,9321.72502
22245.86,22256.66,22136.84,22173.7,7768.1963
22174.57,22211.3,22158.37,22177.0,5678.44763
22177.0,22191.73,22084.3,22152.52,7387.15207
22152.52,22167.73,22105.18,22141.79,5712.12814
22141.79,22147.73,21840.13,21954.98,19927.47105
21954.31,22051.62,21930.2,22025.63,12447.40555
22025.63,22039.15,21961.17,21971.03,8984.56836
21971.83,22034.16,21944.55,21989.14,10047.60801
21989.14,22030.0,21974.5,22012.75,8151.38201
22012.75,22144.2,22001.0,22111.25,13368.51293
22111.25,22134.85,22055.25,22072.45,9485.70357
22071.98,22107.82,21993.61,22014.17,10928.25251
22014.17,22062.0,21940.0,21989.16,16367.90865
21989.16,22030.52,21922.22,21974.73,19735.20056
21974.73,22229.04,21876.66,22140.8,34124.5517
22139.97,22218.3,22058.3,22140.61,15478.76546
22140.61,22150.0,22022.52,22034.48,10620.41683
22034.48,22063.03,21944.25,22022.75,12174.2621
22021.97,22061.6,21987.26,21997.25,9051.11834
21997.25,22133.75,21969.56,22101.26,11899.29454
22099.95,22113.57,21907.09,22009.75,10598.73461
22010.37,22016.16,21660.0,21802.16,11805.35357
21800.47,21838.12,21580.0,21705.44,20396.41321
21704.37,21765.15,21675.4,21719.42,10551.56996
21720.15,21762.38,21629.43,21702.94,10219.11258
21703.55,21793.65,21700.44,21769.65,7921.66747
21769.14,21806.68,21744.46,21769.66,6739.30785
21770.37,21774.69,21720.11,21740.43,5953.71527
21740.39,21761.33,21728.0,21738.93,5857.40431
21738.93,21746.04,21683.49,21741.8,7890.8559
21741.25,21742.39,21665.67,21688.54,8160.18877
21688.54,21698.38,21602.0,21681.52,15335.28307
21682.31,21700.0,21585.0,21641.58,12338.10576
21641.07,21683.68,21527.0,21648.43,14926.28036
21646.98,21674.11,21620.0,21669.38,9697.99101
21669.38,21674.98,21600.96,21611.34,9381.03199
21611.89,21730.77,21552.84,21703.76,21493.941
21703.76,21834.99,21686.72,21722.89,23399.51181
21722.1,21807.66,21633.95,21648.57,17586.60391
21647.42,21675.22,21416.79,21478.85,28547.08915
21479.31,21524.96,21400.0,21469.46,20661.68843
21470.47,21491.86,20967.0,21012.89,40265.11837
21013.32,21020.64,20766.2,20854.93,37836.59279
20856.3,20867.3,20042.72,20116.66,64418.09962
20119.83,20416.04,20112.18,20213.61,36841.57762
20213.61,20494.96,20213.01,20343.58,14779.28498
20343.58,20379.58,20274.62,20362.22,12856.26386
20362.21,20367.78,20022.0,20120.27,31664.01722
20121.38,20159.5,19776.22,20111.01,51259.99284
20111.87,20141.72,20024.95,20040.44,15373.3643
20040.44,20134.5,19977.48,20052.07,12847.04823
20052.07,20065.0,19833.01,19876.69,21600.53689
19876.15,20046.0,19854.09,19990.1,16038.64182
19990.1,20024.76,19839.62,19873.46,17818.24696
19873.46,20039.19,19776.55,19953.58,28538.44321
19953.58,19977.0,19875.83,19959.12,15178.47787
19958.54,19969.14,19831.4,19853.12,17552.14244
19853.12,19924.04,19549.09,19621.66,38988.67853
19622.77,19802.24,19569.47,19760.78,25258.98821
19761.12,19998.99,19730.16,19934.75,24926.96144
19933.31,20321.19,19884.75,20184.92,43471.46204
20184.9,20191.4,19657.11,19819.8,47271.4509
19819.8,20037.75,19766.0,20004.96,36948.61278
20004.96,20307.73,19928.83,20016.36,36709.182
20015.11,20082.66,19830.74,19930.48,31007.14935
19928.57,20005.21,19824.06,19848.52,20359.44087
19848.5,20071.4,19843.4,20024.32,21587.99302
20022.72,20066.72,19938.07,19969.31,15890.12244
19969.31,20129.1,19850.0,20076.64,16487.9129
20076.64,20167.79,20021.64,20097.23,14562.97988
20097.23,20240.4,20084.21,20150.69,17114.62096
20150.69,20301.79,20135.05,20216.03,22331.05908
20215.53,20686.51,20215.5,20586.75,36421.82903
20586.75,20640.11,20374.07,20492.43,21108.18651
20491.36,20502.75,20315.01,20393.88,18728.32545
20393.89,20414.81,20271.23,20339.7,16413.50707
20339.69,20435.43,20307.45,20391.39,11862.67058
20391.4,20408.46,20200.0,20284.61,16272.52221
20283.9,20320.77,19823.82,19850.81,31787.51955
19850.81,20208.36,19765.03,20071.82,31430.07237
20071.82,20147.15,19955.43,20092.78,20800.33105
20092.78,20160.15,19997.5,20036.75,14152.26404
20035.98,20107.99,19971.71,20086.07,15409.2743
20086.07,20129.06,20030.0,20031.65,11590.75024
20032.41,20143.93,20030.01,20078.23,11421.45925
20077.14,20205.46,20072.82,20112.33,14586.02126
20113.14,20147.0,20040.77,20061.98,12503.59402
20062.77,20104.61,19992.24,20091.11,14989.7312
20091.75,20331.44,20066.0,20246.92,19784.05771
20245.48,20324.21,20197.64,20226.72,16153.81836
20227.46,20252.88,20145.01,20220.96,11779.92271
20220.98,20456.0,20214.63,20349.4,20386.69151
20349.4,20364.49,20280.0,20353.91,11759.87704
20353.91,20450.0,20300.0,20333.55,12228.3303
20332.53,20529.91,20330.41,20455.73,13930.00649
20455.73,20502.46,20342.69,20453.41,17296.3167
20453.41,20483.89,20380.0,20419.33,10518.94571
20419.33,20430.66,20303.53,20377.2,12221.3737
20377.21,20464.91,20351.13,20376.46,11333.87733
20376.47,20403.03,20325.32,20386.99,8959.1019
20386.3,20440.8,20350.02,20354.68,9827.92448
20354.68,20383.17,20318.0,20331.8,8022.11883
20331.2,20374.08,20270.6,20346.71,9179.4706
20346.71,20395.0,20333.8,20376.88,9577.40381
20376.83,20432.56,20362.64,20382.18,11110.29005
20382.73,20448.82,20365.08,20425.93,7738.29404
20425.93,20497.34,20416.02,20445.43,11284.55407
20445.56,20446.7,20317.39,20381.25,13909.76132
20380.62,20466.0,20369.0,20383.95,11980.10659
20383.95,20406.75,20327.59,20339.55,10691.66424
20338.28,20411.8,20284.39,20358.96,13205.60191
20359.59,20419.0,20341.85,20389.55,10460.05601
20390.15,20857.62,20373.13,20785.52,33546.82
20786.52,21331.75,20692.01,21076.45,48753.29199
21075.05,21224.99,20735.19,20779.54,32229.52187
20779.54,21361.57,20755.76,21259.02,31000.59806
21257.96,21291.21,21136.15,21272.4,16773.4793
21272.82,21903.0,21100.69,21702.38,46708.55635
21703.97,22150.0,21602.0,21997.11,34615.81402
21998.05,22600.0,21860.74,22446.02,46825.16252
22448.97,22478.4,22250.37,22294.1,26022.42752
22295.4,22356.8,22066.4,22182.01,23006.54739
22182.65,22282.4,22114.39,22231.62,15593.27984
22232.76,22459.62,22222.88,22320.07,18986.76942
22320.07,22402.29,22285.3,22397.11,13248.24338
22397.11,22506.0,22245.0,22381.9,16172.56821
22381.11,22495.0,22319.06,22458.72,19762.91694
22458.87,22539.64,22170.75,22191.1,27297.2351
22191.11,22262.35,21813.88,21963.37,35114.65542
21961.74,22177.0,21816.67,22124.51,27471.76369
22125.45,22220.0,22017.0,22106.64,22324.39622
22106.63,22156.17,21959.0,22130.32,27567.30305
22130.32,22590.0,22127.87,22479.64,51898.78387
22479.64,23560.16,22400.0,23484.63,67545.04056
23484.64,24500.0,23461.55,23981.72,69508.65206
23981.72,24203.92,23755.0,23955.16,41803.54493
23954.14,24174.95,23821.42,24109.1,27711.01104
24109.7,24304.56,23978.74,24256.15,26783.56138
24257.37,24393.83,24105.0,24279.91,26149.44757
24277.25,24311.99,24054.0,24134.11,17599.04514
24135.78,24215.0,24040.28,24085.04,10689.40908
24083.58,24232.29,24082.09,24201.15,13002.40372
24202.45,24214.18,23938.0,24113.48,15805.14454
24112.27,24249.8,23986.02,24166.31,20419.04669
24165.37,24441.48,24112.01,24402.53,22294.32279
24403.42,24496.41,24251.01,24274.69,16540.9667
24275.95,24409.9,24220.7,24374.2,10986.8114
24375.68,24432.1,24322.46,24414.06,10786.16648
24414.9,24820.0,24188.4,24317.8,32242.51073
24317.8,24437.31,24284.42,24325.38,16159.04127
24325.38,24403.6,24139.06,24247.64,19781.12665
24246.75,24290.74,24118.28,24219.61,18136.31948
24219.61,24287.27,24150.0,24280.22,14969.83911
24280.74,24621.16,24247.82,24569.36,21323.27524
24568.41,24820.0,24443.1,24743.04,36496.528
24743.05,26025.0,24458.04,25832.57,80041.75204
25832.57,26386.87,25588.0,25759.64,66006.47052
25762.88,26140.0,25633.88,25815.75,36964.27261
25819.65,25959.27,25770.0,25894.67,27335.51996
25894.67,26001.81,25715.63,25867.21,27079.12535
25868.5,25889.0,25601.4,25628.25,24045.29646
25629.32,25650.37,24850.82,24990.18,40801.47491
24987.84,25160.0,24212.49,25054.15,52866.07352
25048.39,25167.9,24487.9,24570.06,31439.06258
24570.06,24628.88,23976.42,24535.95,34487.86286
24536.99,24790.0,24388.0,24698.39,20513.43984
24698.39,24777.87,24603.43,24670.41,17644.62904
24670.41,24742.29,24284.6,24720.06,25683.67851
24722.48,25074.24,24650.4,24906.01,24210.48624
24906.0,24971.22,24797.04,24827.89,11510.58201
24826.9,24855.0,24642.63,24717.65,13187.88115
24716.87,24816.66,24666.57,24799.9,11256.24051
24799.9,24873.8,24672.83,24699.71,11873.81558
24700.61,24847.49,24599.0,24781.98,14154.95217
24780.59,24918.59,24711.5,24871.28,12666.06354
24872.54,24922.22,24750.41,24754.7,15040.58315
24754.7,24785.0,24462.19,24516.74,20136.66754
24514.84,24648.1,24385.83,24538.14,22052.65897
24539.68,24817.53,24255.0,24754.5,35430.60441
24753.27,25196.97,24405.38,24808.12,52417.59823
24808.12,25128.0,24708.89,24777.01,44198.31413
24777.01,24952.35,24429.64,24706.61,41650.01841
24706.61,24819.92,24371.6,24471.01,34688.95688
24471.01,24523.0,24060.35,24104.69,44285.20751
24102.12,24360.0,23896.95,24281.86,36408.13136
24280.33,24512.38,24139.73,24409.25,31127.20079
24410.66,24479.9,24155.04,24366.71,25953.83987
24369.97,24430.0,24229.68,24318.56,13873.43147
24317.04,24450.0,24286.06,24422.31,8936.27785
24422.31,24633.02,24273.75,24361.12,17253.77967
24362.78,24443.05,24223.0,24285.66,13453.75989
24285.66,24384.12,24144.87,24202.64,16691.21973
24201.11,24344.36,24123.0,24322.5,15289.25029
24322.5,24439.8,24301.59,24362.64,10828.42349
24363.88,24382.95,24231.1,24265.43,9612.36415
24265.44,24313.72,24182.0,24262.65,10095.91464
24263.36,24461.04,24228.0,24342.8,13199.71614
24342.8,24599.96,24336.35,24568.74,17264.1142
24568.76,24685.0,24527.51,24614.27,17665.10824
24615.79,24660.49,24555.0,24581.1,14535.04948
24581.1,24848.88,24374.35,24658.21,26494.04297
24658.21,25066.32,24567.43,24930.23,32453.26186
24930.23,24935.2,24724.57,24824.62,20850.03396
24826.33,24913.35,24646.0,24720.18,25065.66573
24720.18,24850.0,24515.23,24832.09,29466.67506
24832.09,25032.74,24678.57,24846.64,28477.78412
24846.64,24939.45,24752.03,24888.44,22154.64835
24889.94,24918.95,24690.0,24780.79,21712.07102
24779.02,24810.0,24620.0,24684.98,16037.41229
24684.94,24831.0,24620.0,24790.77,12452.78164
24788.96,25167.4,24786.27,24953.21,25768.55152
24953.21,24959.04,24623.52,24696.87,16842.38364
24698.41,25090.0,24655.62,24914.01,13617.54104
24915.22,24999.42,24832.01,24981.59,11173.06741
24982.64,25075.0,24920.5,24998.78,11674.24901
24998.78,25002.61,24890.0,24918.14,10867.65841
24919.03,25730.0,24910.0,25666.59,32711.19977
25663.78,25896.0,25491.39,25580.16,34296.37961
25578.86,25788.5,25561.66,25781.66,14752.59187
25781.66,25879.91,25700.0,25722.04,13993.55989
25721.25,25769.0,25656.0,25765.88,13056.38477
25765.88,26196.4,25756.39,26142.14,32205.53855
26140.84,26169.39,25881.73,26058.45,23742.82701
26060.07,26212.0,25918.02,25996.41,23128.10874
25995.56,26344.16,25993.28,26240.16,20356.55883
26240.16,26788.81,26228.57,26706.71,45836.33175
26705.7,26970.0,26574.53,26918.73,33091.61922
26920.11,26935.12,26351.35,26631.94,35592.92087
26633.99,26756.58,26365.84,26453.89,28580.55611
26453.88,26623.9,26118.19,26283.0,39466.47737
26283.0,26516.46,26235.53,26421.34,25590.36137
26419.28,26573.43,26355.41,26393.98,21224.26679
26393.98,26650.0,26380.04,26487.79,22786.22097
26487.39,26619.26,26264.0,26617.57,21671.34729
26614.66,26860.66,26563.67,26834.87,28180.50668
26834.87,26880.0,26588.38,26769.59,17003.09962
26769.59,27239.49,26729.72,27094.27,21058.36896
27094.27,27756.84,26971.01,27513.31,39219.68878
27513.31,27699.26,27251.6,27395.13,26048.10768
27395.13,27652.61,27060.0,27627.51,28691.34464
27623.5,27724.85,27226.29,27329.78,24473.54725
27329.19,27483.0,27215.0,27290.98,16573.42439
27289.76,27357.33,27167.56,27307.54,11803.04539
27306.57,27403.79,27212.56,27331.24,10109.01573
27331.24,27612.31,27294.99,27578.05,13203.46795
27578.04,27609.78,27443.04,27505.28,10260.27665
27504.1,27513.47,27277.0,27359.89,9617.34798
27360.43,27365.79,27055.83,27217.57,15968.44128
27216.53,27438.9,27130.43,27398.26,12914.33134
27398.26,27500.0,27359.22,27465.19,9470.30851
27464.65,27482.04,27307.2,27443.09,9874.42116
27443.09,27637.2,27281.93,27503.25,15683.83973
27503.25,27536.73,27351.06,27414.93,12719.89797
27414.04,27615.0,27398.0,27525.56,12368.79694
27526.17,27543.83,27057.0,27226.23,27531.29187
27227.63,27463.0,26578.0,27343.98,37576.29096
27345.82,27489.94,26904.35,27307.07,26935.7883
27309.57,27369.86,27213.3,27319.7,10637.23828
27319.7,27431.58,27270.01,27329.83,9819.65711
27329.14,27449.95,27235.0,27317.96,8984.82484
27316.12,27346.47,27138.83,27189.87,6198.88553
27192.19,27240.0,26862.15,26910.45,11973.998
26910.45,27066.0,26810.0,26907.49,17849.48994
26907.49,27125.94,26901.02,27077.54,13336.76728
27077.54,27188.09,27030.73,27104.91,8838.99341
27104.91,27187.17,27054.78,27116.07,7206.24648
27116.07,27255.19,27080.57,27198.71,6728.45942
27198.71,27291.4,27117.58,27142.0,7589.78614
27141.0,27194.28,27034.13,27060.08,6843.4622
27061.14,27089.71,26893.77,26934.96,10868.74232
26934.96,27012.21,26827.22,26974.81,11035.35735
26973.76,27094.02,26872.0,26982.58,12223.56703
26982.57,27048.0,26912.84,27043.27,7875.35788
27043.24,27108.0,26977.77,27052.8,7761.66751
27052.8,27200.0,26931.64,27160.98,14130.80346
27162.33,27388.54,27135.67,27246.96,18498.04792
27246.96,27286.65,27110.12,27178.27,11555.80436
27178.26,27365.64,27176.27,27327.72,12416.90638
27327.74,27750.0,27304.54,27546.62,29272.34072
27546.62,28186.87,27470.0,27923.37,42508.25536
27918.86,28065.0,27716.18,27897.98,26621.07609
27897.98,28320.0,27833.73,28303.69,21591.39086
28309.09,28376.0,28162.6,28255.87,23195.89167
28255.35,28390.1,27738.0,27889.22,26497.43268
27887.19,28216.92,27868.0,27975.77,16618.95971
27977.53,28162.62,27870.01,28112.88,13726.09529
28110.24,28299.31,27891.56,27972.87,15125.57902
27972.87,28057.44,27779.65,27825.47,16809.29216
27824.83,27878.89,27566.0,27675.84,17060.126
27675.84,27747.16,27213.06,27434.91,21233.70908
27436.06,27496.74,27124.47,27269.17,23114.01883
27269.18,27464.97,27141.36,27437.0,15822.68931
27436.29,27540.89,27340.88,27519.97,10628.49834
27520.9,27733.0,27465.42,27628.5,17179.642
27629.77,28268.0,27626.64,28183.13,30478.02497
28183.13,28443.32,28006.0,28313.85,33854.57156
28313.85,28472.0,28020.0,28198.04,27661.96626
28198.05,28256.98,27919.66,28101.4,21245.97981
28101.4,28267.1,28037.99,28188.93,18285.14466
28188.95,28258.58,28078.01,28224.99,15270.64968
28223.49,28226.65,27715.8,27822.73,30001.32467
27821.17,28150.0,27816.66,28055.89,28154.0814
28054.95,28129.83,27620.0,27694.46,20406.31459
27698.15,27787.74,27461.35,27553.81,26977.77628
27553.81,27800.0,27489.45,27626.96,18008.49882
27623.82,28041.48,27570.58,27980.02,20465.94384
27980.02,28013.0,27633.17,27785.1,16860.83958
27784.57,28034.19,27752.94,28001.0,12624.37895
28002.37,28186.71,27921.68,27996.09,11012.9752
27996.09,28058.1,27859.75,27952.2,9715.0828
27950.87,28015.21,27577.02,27717.01,14506.70494
27717.01,27953.33,27664.51,27850.21,15105.73382
27850.21,27934.63,27711.0,27875.65,13164.86421
27874.6,27907.8,27773.29,27779.74,11442.54447
27779.74,27838.0,27726.13,27787.29,11236.18652
27787.29,27968.0,27780.05,27906.81,12637.07836
27907.08,27917.95,27732.34,27801.41,12874.3473
27802.21,27803.21,27606.96,27637.01,15545.36084
27637.01,27684.88,27303.1,27505.25,25278.28816
27505.25,27686.42,27393.52,27646.65,18907.6183
27647.95,28099.99,27550.0,27929.23,23974.68019
27927.06,28177.0,27897.48,27962.2,22817.88093
27962.2,28078.01,27877.29,28040.13,16317.42683
28040.13,28244.87,27922.39,28188.92,26271.49255
28188.92,28224.8,27900.0,28037.9,28242.54223
28037.04,28123.75,27730.0,27887.98,28078.11757
27890.45,28107.69,27854.12,28041.06,17882.16855
28041.06,28438.55,28012.65,28343.92,26861.99919
28343.92,28416.0,27960.66,27988.69,29004.08838
27988.69,28163.0,27935.07,28128.77,15034.67925
28128.77,28226.33,28080.56,28126.84,13339.83917
28126.85,28214.99,28035.06,28077.28,12425.35683
28077.35,28104.0,27900.0,27997.84,9709.35259
27997.84,28072.27,27921.25,28031.17,7735.50781
28031.86,28150.0,27986.09,28105.47,7042.58815
28107.81,28117.25,27945.44,28028.91,14331.12351
28028.91,28097.04,27975.0,28086.85,7445.21921
28086.85,28147.0,28048.0,28049.59,5982.62441
28049.59,28280.0,28021.0,28154.14,9241.19338
28154.14,28224.97,28122.12,28196.41,4851.84288
28196.42,28288.0,28181.15,28201.52,5985.27139
28201.53,28218.58,28151.0,28205.16,5518.51426
28205.16,28238.83,28028.24,28103.69,6232.62522
28103.68,28213.23,28053.71,28086.99,5300.97913
28086.99,28130.0,28000.0,28099.99,4905.07163
28099.99,28186.7,28067.63,28154.95,3624.79464
28154.95,28200.0,28115.85,28122.74,2449.82888
28122.73,28246.25,28105.35,28220.08,4430.31516
28220.07,28391.99,28166.66,28285.56,6715.67597
28285.55,28736.0,28279.69,28563.61,12971.76493
28563.61,28730.0,28442.83,28595.07,11559.40318
28595.06,28703.0,28482.84,28647.26,5550.41667
28647.26,28647.27,28315.0,28516.34,11311.09395
28516.34,28868.05,27781.51,28027.99,33039.01806
28028.0,28028.0,26650.27,26667.33,34344.06638
26668.8,27377.0,26601.8,27311.29,12672.99808
27311.28,27437.98,27073.11,27083.55,5989.48553
27083.55,27254.0,26973.76,27209.19,5600.13264
27209.2,27340.0,27186.99,27250.97,4059.95387
27250.97,27428.69,27195.63,27322.28,4717.70531
27322.27,27322.28,27105.0,27150.91,3417.24968
27150.91,27346.16,27144.62,27346.16,2625.40512
27346.16,27415.64,27299.0,27356.78,3160.40704
27356.79,27420.0,27258.0,27275.16,2590.69823
27275.16,27700.0,27274.77,27629.18,5276.55365
27629.19,27690.44,27560.48,27647.67,3728.4807
27647.68,27672.83,27537.0,27631.93,2715.2459
27631.93,27738.27,27560.14,27632.02,3200.75113
27632.03,27640.61,27575.0,27622.82,2353.39456
27622.82,27667.57,27587.01,27612.55,2366.97975
27612.54,27629.99,27439.5,27584.53,3975.97274
27584.52,27645.37,27450.0,27469.99,3745.72523
27470.0,27495.68,27275.92,27369.0,6693.02624
27369.01,28099.99,27300.0,28045.3,8616.12592
28045.31,28750.0,27975.27,28580.87,21135.69966
28580.86,28647.05,28351.81,28464.96,7933.76961
28464.96,28509.98,28150.0,28297.16,6962.94256
28297.16,28395.0,27784.68,27903.8,8115.86159
27903.79,28456.2,27772.22,28369.99,11039.96536
28369.82,28371.92,28096.6,28280.03,4652.98435
28280.03,28280.03,27967.93,28163.79,2840.11442
28163.8,28265.17,28087.93,28214.1,2872.38103
28214.1,28438.0,28186.74,28295.41,3912.1684
28295.42,28374.3,28182.02,28195.3,2887.21044
28195.29,28318.8,28137.93,28253.0,2294.16851
28253.0,28309.99,28134.86,28186.28,2066.26067
28186.28,28237.1,28158.4,28219.98,1572.69903
28219.98,28254.48,28102.15,28130.41,2009.41868
28130.41,28300.22,28130.4,28284.45,2593.4696
28284.45,28335.32,28234.0,28262.83,1783.26087
28262.84,28320.0,28162.43,28274.59,2678.97653
28274.58,28295.72,27934.48,28034.37,5156.44522
28034.38,28190.35,28000.0,28041.11,4506.28931
28041.11,28085.06,27941.0,28039.71,3639.2461
28039.71,28091.03,27963.84,28080.0,1267.41714
28080.0,28080.0,28080.0,28080.0,0.0
28079.99,28253.01,27835.0,27989.06,8983.24018
27989.07,28076.82,27843.41,28018.04,5198.28681
28018.04,28059.63,27831.33,27831.33,3377.68679
27831.33,27909.28,27523.81,27609.99,8886.72594
27609.99,27815.58,27562.51,27740.01,4729.14975
27740.02,27880.84,27687.18,27821.6,3328.40802
27821.59,27860.0,27486.89,27584.82,4095.63602
27584.83,27621.66,27000.0,27335.14,8237.35346
27335.13,27443.19,27275.15,27298.05,4289.6792
27298.06,27517.14,27280.88,27454.47,2661.03717
27454.46,27586.0,27425.19,27556.35,2102.7941
27556.34,27566.12,27420.0,27498.54,1532.14045
27498.54,27658.2,27459.18,27599.66,1783.06728
27599.66,27639.94,27540.53,27581.65,2213.29821
27581.65,27608.2,27492.57,27535.25,1207.18941
27535.26,27544.39,27375.9,27458.73,1839.15445
27458.74,27536.5,27405.5,27495.66,2122.47214
27495.66,27583.97,27470.26,27485.36,2007.66965
27485.37,27512.65,27337.96,27422.56,2002.36773
27422.56,27519.0,27309.8,27481.96,2070.46154
27481.96,27537.79,27397.47,27477.01,1753.892
27477.0,27530.0,27423.59,27457.2,1186.26813
27457.19,27480.17,27372.81,27451.71,1416.55718
27451.72,27619.0,27357.14,27566.96,3063.63019
27566.97,27648.0,27519.39,27527.06,2294.12717
27527.06,27787.33,27485.0,27647.43,3967.31226
27647.44,27730.0,27624.14,27629.22,2143.18105
27629.23,27647.36,27380.0,27481.58,2981.62837
27481.57,27535.63,27431.05,27442.92,1419.74012
27442.92,27442.92,27159.57,27189.68,5149.37954
27189.69,27430.14,27156.09,27354.72,3202.60967
27354.73,27455.0,27349.09,27411.54,1058.74562
27411.54,27529.29,27391.05,27447.32,1518.28385
27447.31,27486.5,27404.99,27462.95,808.11091
27462.96,27630.32,27417.76,27531.28,1997.79617
27531.28,27650.0,27516.91,27593.34,1280.56901
27593.34,27615.25,27563.51,27589.64,820.56901
27589.63,27617.65,27504.83,27529.26,1229.07026
27529.27,27536.7,27462.27,27516.61,790.6614
27516.62,27556.06,27462.15,27544.81,997.19255
27544.81,27570.93,27478.9,27496.68,1059.99052
27496.67,27536.23,27481.26,27504.94,959.32447
27504.94,27766.13,27480.01,27659.2,2832.47541
27659.2,27735.35,27626.21,27686.73,1892.98677
27686.74,27717.76,27635.45,27678.63,1177.4944
27678.62,27915.08,27649.38,27865.95,2280.74336
27865.96,27985.0,27837.37,27919.74,3689.34292
27919.73,28194.4,27883.21,28149.99,4591.80384
28150.0,28150.0,27695.0,27795.22,6745.31133
27795.22,27878.89,27717.26,27803.89,2669.59226
27803.89,27878.43,27635.18,27699.28,1705.21511
27699.27,27857.85,27660.0,27837.82,1657.60628
27837.81,27934.57,27772.78,27808.76,1414.28364
27808.75,27856.66,27785.0,27827.95,828.87805
27827.95,27900.0,27670.71,27777.63,1993.46478
27777.63,27838.11,27750.49,27838.11,750.61949
27838.1,28079.83,27804.4,28040.29,2953.55719
28040.28,28143.0,27949.0,27968.05,3353.15531
27968.05,28023.86,27917.16,27994.28,1929.36281
27994.27,28013.57,27801.06,27826.98,2218.5361
27826.98,27890.16,27781.6,27879.16,1526.6874
27879.16,27930.16,27829.99,27888.68,1180.07667
27888.68,27935.17,27871.91,27906.98,1613.73286
27906.98,27918.02,27675.31,27715.18,2796.12155
27715.19,27800.0,27666.0,27785.85,2165.82342
27785.86,27850.0,27734.9,27808.81,2279.86147
27808.8,27866.63,27768.55,27848.53,1479.56205
27848.53,27972.98,27820.0,27925.63,2236.16453
27925.64,27943.48,27864.89,27915.39,1738.99262
27915.38,27996.28,27839.0,27892.69,2162.12095
27892.69,27923.42,27690.36,27749.99,3192.72488
27749.99,27844.69,27600.0,27692.99,5094.41421
27693.0,27734.67,26938.88,26960.38,13065.76035
26960.38,27040.0,26508.14,26903.62,17713.30251
26903.63,27313.42,26858.79,27145.5,7789.38772
27145.51,27211.26,26922.17,26960.0,4025.89889
26959.99,27176.79,26949.23,27090.81,2679.54916
27090.8,27143.23,26942.25,26968.94,2118.19263
26968.93,27059.48,26877.82,27043.84,2546.25027
27043.85,27198.99,27009.88,27170.63,1894.47912
27170.64,27255.0,27078.92,27099.99,2719.40875
27100.0,27175.66,27066.02,27124.91,1873.05806
27124.9,27160.0,26936.0,26960.92,3533.32954
26960.93,27176.05,26800.0,27074.81,4473.13379
27074.81,27083.4,26970.19,27037.58,1369.72652
27037.58,27046.51,26910.35,26971.71,1673.40842
26971.71,26999.33,26893.99,26964.6,2467.49201
26964.59,26998.7,26872.11,26974.63,2233.39065
26974.63,27142.25,26974.63,27070.52,2721.73924
27070.53,27103.44,26934.0,26962.88,2036.25522
26962.89,27033.99,26925.8,27013.68,1588.81574
27013.68,27044.79,26820.5,26875.03,2514.29381
26875.03,26932.97,26631.78,26740.96,5740.89942
26740.96,27155.38,26725.53,27057.36,5882.75721
27057.36,27210.0,26852.16,26983.02,5183.04562
26983.02,27029.5,26835.31,26881.97,3897.34604
26881.97,27022.86,26846.43,26943.01,4343.77277
26943.01,27072.09,26923.3,26998.63,2513.08906
26998.63,27024.32,26852.05,26882.07,1886.5955
26882.07,26925.32,26745.0,26863.2,3371.58761
26863.2,27390.0,26838.21,27344.13,6486.67624
27344.13,27520.0,27158.15,27425.99,6345.21459
27425.98,27492.8,27242.96,27307.2,2948.36979
27307.21,27328.29,27095.66,27190.54,1774.93303
27190.54,27232.94,27133.61,27218.39,1752.10323
27218.4,27319.1,27210.96,27261.07,1864.46836
27261.06,27340.0,27240.1,27268.73,1699.06156
27268.74,27479.36,27262.01,27325.78,2863.16949
27325.77,27413.97,27297.0,27395.0,1403.72005
27395.0,27409.88,27326.88,27367.45,1158.30899
27367.44,27612.95,27349.68,27568.07,3933.22081
27568.06,27650.0,27520.55,27544.14,3064.55075
27544.14,28158.0,27507.6,28052.3,11195.15123
28052.3,28164.48,27969.69,28086.82,4252.63986
28086.82,28650.0,28040.34,28506.99,11270.83485
28506.99,28562.75,28313.25,28319.89,5574.7619
28319.89,28438.81,28246.01,28382.23,3714.17289
28382.23,28383.92,28272.86,28353.99,2886.79972
28354.0,28479.27,28230.85,28441.77,4087.94289
28441.77,28493.55,28327.29,28425.91,3987.11675
28425.9,28590.0,28266.66,28290.97,5169.33995
28290.97,28490.0,28270.99,28442.79,3173.00678
28442.8,28447.72,28135.82,28152.46,3499.17274
28152.45,28333.0,28139.84,28252.33,3144.50099
28252.34,28349.0,28195.69,28316.13,2273.66049
28316.13,28448.68,28279.29,28419.49,2730.42811
28419.49,28468.13,28356.23,28388.58,2226.26851
28388.58,28500.0,28290.35,28291.0,1916.30451
28291.01,28429.28,28211.0,28389.41,2782.69442
28389.41,28456.84,28319.48,28348.6,1479.33184
28348.6,28457.48,28235.25,28328.47,2063.78277
28328.48,28382.0,28245.06,28350.0,1543.34488
28350.0,29184.68,28343.39,28964.76,12850.8762
28964.76,29002.67,28090.06,28489.18,12075.03577
28489.19,28701.96,28442.79,28587.64,3571.4476
28587.63,28633.7,28491.39,28613.98,2288.37147
28613.97,28674.69,28566.67,28613.88,2552.16765
28613.89,28775.6,28579.43,28725.01,3479.45578
28725.0,28748.76,28568.54,28572.81,3140.6433
28572.81,28600.0,28500.0,28583.59,3106.488
28583.59,28624.74,28518.29,28602.48,1806.36723
28602.48,28710.15,28580.65,28644.79,2578.32641
28644.79,28691.45,28568.23,28646.35,3072.81096
28646.34,28646.35,28410.34,28517.96,3987.63492
28517.95,28542.97,28262.0,28428.47,5658.18721
28428.48,28482.13,28169.5,28300.33,4483.93848
28300.32,28301.01,28046.15,28247.27,4985.39605
28247.26,28277.0,27735.0,27839.41,7119.45874
27839.4,27953.57,27686.0,27903.69,4413.24045
27903.69,28075.53,27880.0,27986.09,4061.71355
27986.1,28179.7,27900.0,28149.8,3422.58634
28149.8,28197.96,28012.1,28068.5,1900.85772
28068.5,28140.0,27786.66,27898.59,2716.85368
27898.59,28055.0,27841.47,28028.53,1986.4474
28028.53,28338.34,27916.34,28249.17,4149.4121
28249.18,28375.0,28116.57,28153.12,3568.29799
28153.13,28206.2,28080.33,28146.79,2034.67447
28146.79,28235.45,28112.0,28168.41,2012.92542
28168.41,28205.42,28091.65,28179.6,1252.02182
28179.61,28219.36,27941.29,28034.52,2638.3173
28034.51,28103.16,28010.56,28079.96,1634.949
28079.95,28090.17,27511.71,27738.48,10004.62587
27738.48,27847.87,27688.0,27797.32,3301.36372
27797.31,27878.84,27770.0,27819.99,2456.37429
27820.0,27992.05,27798.48,27893.8,2535.91766
27893.81,27980.0,27842.1,27927.97,2250.15003
27927.97,28185.63,27870.93,28110.36,5285.3813
28110.37,28551.2,28082.71,28370.78,7427.91987
28370.78,28656.69,28320.79,28521.78,6107.95098
28521.78,28593.34,28360.0,28494.99,5501.16193
28495.0,28541.18,28365.99,28430.76,2441.53596
28430.75,28473.0,28276.65,28334.53,2464.35091
28334.52,28426.98,28262.87,28315.5,1723.51177
28315.49,28524.12,28279.24,28469.31,2766.3802
28469.31,28474.06,28337.46,28391.8,1926.97706
28391.8,28590.0,28363.68,28477.19,1448.13203
28477.19,28632.94,28442.25,28570.31,1888.42202
28570.31,28595.75,28465.36,28465.36,1377.36769
28465.36,28547.2,28408.57,28438.27,1524.81719
28438.26,28625.61,28410.35,28610.63,1458.59279
28610.62,28819.71,28467.31,28583.36,3522.34366
28583.36,28603.78,28503.29,28541.1,1088.35997
28541.1,28625.1,28526.59,28580.0,1117.54084
28580.01,28589.13,28530.59,28571.08,808.34551
28571.08,28572.93,28353.78,28482.72,2327.5363
28482.71,28482.72,28351.35,28424.99,1419.78356
28424.98,28485.11,28389.37,28440.56,1446.06986
28440.56,28464.65,28420.54,28425.49,755.41321
28425.49,28474.15,28389.77,28465.32,852.69033
28465.32,28475.97,28360.65,28372.85,1079.9353
28372.84,28424.05,28320.35,28422.89,1331.51394
28422.88,28473.9,28377.63,28417.8,934.62513
28417.81,28420.88,28292.32,28318.04,1316.04404
28318.04,28405.31,28220.27,28400.07,1605.44704
28400.07,28443.04,28280.0,28326.0,1529.35437
28326.0,28383.32,28317.39,28372.37,683.02376
28372.36,28382.9,28333.19,28376.74,625.47068
28376.74,28384.23,28343.81,28381.98,559.40445
28381.97,28577.0,28379.63,28446.78,1750.39916
28446.79,28517.44,28429.93,28477.72,674.71297
28477.73,28538.08,28477.72,28517.94,899.92118
28517.95,28555.0,28445.0,28452.73,927.10229
28452.74,28499.99,28355.0,28366.3,914.79254
28366.3,28434.68,28355.54,28388.34,741.92426
28388.35,28430.29,28375.0,28406.13,724.1985
28406.13,28530.0,28401.41,28476.59,1290.18762
28476.58,28485.18,28383.37,28386.09,575.69061
28386.1,28473.16,28381.54,28470.01,686.0797
28470.01,28490.4,28414.36,28458.26,650.48938
28458.26,28477.78,28413.3,28416.38,862.0777
28416.37,28422.21,28364.57,28381.37,854.98502
28381.36,28450.9,28368.53,28410.57,732.39958
28410.57,28413.71,28361.0,28367.25,699.25159
28367.25,28390.95,28306.8,28357.93,1195.47409
28357.93,28361.0,28240.17,28265.26,1942.44149
28265.25,28346.05,28135.8,28279.53,3419.1654
28279.52,28350.0,28239.45,28273.1,1030.24647
28273.1,28275.73,28037.59,28124.81,4018.94657
28124.8,28143.54,27927.0,28121.97,3493.42924
28121.97,28229.9,28109.16,28194.39,2326.93426
28194.4,28213.39,28152.8,28156.98,903.05844
28156.97,28172.76,27856.43,27943.85,2825.34269
27943.84,28088.38,27902.71,28058.75,1620.05537
28058.75,28156.34,27981.0,28014.8,1602.19957
28014.8,28115.76,27858.29,28105.81,2783.98883
28105.8,28203.35,28044.23,28171.87,1472.298
28171.87,28182.17,28064.52,28114.62,1119.79625
28114.63,28144.12,27560.0,27709.94,5583.1757
27709.85,27815.42,27658.36,27719.09,2274.50977
27719.09,27777.72,27623.45,27753.85,2172.76197
27753.85,27756.72,27588.0,27704.39,2088.73963
27704.4,27764.86,27660.0,27679.57,1395.94955
27679.58,27793.25,27644.5,27779.48,1508.78137
27779.47,27962.9,27771.09,27958.74,2746.99051
27958.73,28450.0,27958.73,28335.0,7974.91049
28335.0,28398.0,28300.0,28327.33,3033.90175
28327.33,28500.99,28301.13,28303.77,3240.48906
28303.76,28319.58,28215.59,28253.73,2502.72561
28253.73,28257.69,28063.17,28163.01,3391.002
28163.0,28375.0,28116.02,28258.78,3197.56849
28258.79,28303.25,27945.19,27995.04,3869.56959
27995.04,28112.99,27951.57,28051.48,2385.82697
28051.48,28129.99,27918.45,27930.84,2233.69013
27930.83,28084.62,27875.0,27986.48,2519.1824
27986.48,28237.0,27938.46,28152.0,3959.2842
28152.0,28238.53,28037.2,28081.08,2103.20781
28081.08,28093.56,27460.0,27582.78,7451.99752
27582.77,27765.0,27200.24,27714.56,5698.62144
27714.57,27943.62,27668.0,27799.99,3773.48503
27800.0,28000.0,27739.75,27800.0,2953.84681
27800.0,27868.31,27662.79,27760.58,2374.60259
27760.58,27900.24,27693.8,27816.16,2045.79956
27816.16,27950.62,27780.79,27857.35,1816.40619
27857.35,27965.0,27850.0,27855.06,1141.93735
27855.06,27885.28,27775.37,27813.86,1129.08139
27813.86,27939.18,27813.86,27890.01,1222.39124
27890.01,28145.0,27860.17,28078.14,2868.08177
28078.13,28143.03,27962.47,28021.3,2181.84318
28021.31,28137.98,27931.2,28103.48,1579.58553
28103.49,28207.27,28028.79,28198.76,2166.39663
28198.77,28350.0,28172.48,28219.63,3351.35395
28219.64,28444.44,28164.33,28289.52,4230.2741
28289.51,28381.19,28205.67,28267.68,2380.16147
28267.69,28399.0,28061.0,28111.04,3200.60381
28111.03,28257.0,28079.69,28123.0,3017.42315
28123.0,28144.58,27947.59,28030.04,3229.65698
28030.05,28131.35,27971.07,28098.99,2013.0268
28098.98,28235.04,28079.99,28226.99,1793.32925
28226.98,28260.0,28083.33,28114.42,1706.91021
28114.42,28199.0,28070.7,28189.25,1456.0314
28189.25,28305.0,28174.44,28250.04,1710.36003
28250.04,28254.11,28160.51,28223.62,1031.7684
28223.62,28258.93,28182.22,28187.26,853.60121
28187.25,28211.86,28078.63,28165.47,1221.93072
28165.47,28733.0,28099.68,28661.81,6158.2642
28661.81,28740.0,28543.34,28571.41,3489.9893
28571.42,28775.0,28522.99,28565.57,3140.84957
28565.58,28575.79,28428.69,28544.72,2055.90962
28544.73,28577.38,28483.09,28506.62,1235.81287
28506.61,28624.35,28480.67,28582.84,1552.90469
28582.84,28603.59,28491.29,28534.42,1382.40119
28534.43,28540.0,28455.0,28525.21,1388.81047
28525.2,28600.0,28450.5,28543.8,2056.3712
28543.8,28595.94,28502.16,28508.76,1302.34522
28508.75,28529.72,28476.24,28510.0,1034.90976
28510.0,28567.85,28480.72,28554.38,1226.02322
28554.37,28750.0,28312.5,28568.95,5245.8456
28568.57,28600.5,28300.0,28404.58,3483.73755
28404.57,28476.81,28087.0,28105.2,5348.52251
28105.19,28127.0,27860.0,28031.09,5555.27634
28031.09,28053.88,27805.1,27947.99,4212.71101
27947.99,28120.0,27919.23,28023.74,2324.69851
28023.75,28060.0,27935.71,28030.2,1439.18723
28030.19,28308.04,27967.8,28240.64,3035.1495
28240.64,28300.0,28132.82,28150.61,1399.0461
28150.61,28217.37,28134.39,28181.06,829.93633
28181.06,28236.15,28132.16,28175.28,1061.56316
28175.28,28212.5,28137.67,28170.01,777.38217
28170.01,28182.05,27918.35,27999.15,2192.36011
27999.14,28090.0,27878.6,28064.46,1952.14589
28064.45,28095.71,27978.21,28039.73,1197.09788
28039.74,28153.69,28022.48,28128.42,1099.64959
28128.42,28130.0,28067.28,28068.91,824.12943
28068.91,28081.06,27969.61,28036.75,1239.65431
28036.75,28073.92,28006.46,28063.91,1050.48553
28063.91,28088.88,27907.77,27910.97,1784.32895
27910.97,27988.58,27850.0,27953.62,2357.22246
27953.61,28028.6,27900.0,27904.04,1235.09624
27904.04,27907.59,27711.0,27850.0,3496.92514
27849.99,27954.42,27846.12,27945.52,1408.47664
27945.51,28085.0,27856.54,27903.73,2560.85993
27903.73,27979.01,27750.0,27891.16,2887.76836
27891.16,27978.54,27888.26,27952.78,2218.27463
27952.78,28181.05,27943.76,28090.39,3265.68045
28090.39,28165.88,28046.88,28065.14,1767.70198
28065.15,28084.18,28014.99,28041.4,1229.4884
28041.41,28094.41,27954.06,27963.35,1205.25894
27963.34,28056.67,27950.9,28017.77,1091.38706
28017.77,28121.87,27966.0,27975.85,1404.21402
27975.85,28052.8,27957.04,27989.16,875.15697
27989.15,28008.43,27900.0,28007.86,1034.71576
28007.87,28055.62,28007.86,28033.82,740.87096
28033.83,28100.0,27998.04,28097.99,896.12527
28097.99,28098.2,28036.63,28056.51,661.1492
28056.51,28072.94,27926.52,28017.22,1048.03352
28017.22,28049.84,27979.75,28038.66,539.33097
28038.67,28062.73,27999.9,28021.77,609.92995
28021.77,28021.77,27863.23,27980.0,1374.71176
27980.0,27984.75,27900.0,27960.09,1049.9832
27960.09,27960.1,27766.94,27839.78,1932.80263
27839.79,27937.82,27785.0,27816.76,1752.58709
27816.76,27894.99,27790.1,27869.48,1184.11747
27869.48,27961.67,27861.38,27933.36,1335.68514
27933.36,27935.98,27800.0,27840.9,1291.1329
27840.89,27981.0,27800.0,27892.63,2539.99967
27892.63,27929.37,27833.97,27896.93,1110.08632
27896.92,27984.75,27893.26,27914.64,1110.45972
27914.64,27954.51,27907.69,27944.1,1001.22404
27944.09,27953.47,27856.0,27879.3,889.71983
27879.3,27941.11,27879.3,27911.51,572.35649
27911.5,27930.0,27874.13,27891.77,556.90925
27891.76,27905.15,27869.26,27897.52,531.37925
27897.51,27922.99,27839.02,27864.2,695.57851
27864.21,27909.27,27858.3,27891.13,445.55868
27891.13,27980.74,27864.99,27955.99,953.10882
27955.99,27973.04,27894.32,27906.33,680.12419
27906.34,27919.61,27859.02,27880.27,899.14307
27880.26,27935.15,27880.02,27903.24,623.5553
27903.24,27965.76,27902.95,27956.76,607.40345
27956.77,28059.39,27939.46,28023.39,1484.63403
28023.39,28040.72,27974.14,27984.98,628.87894
27984.97,28154.99,27979.03,28140.92,1337.70492
28140.91,28152.57,28086.28,28113.12,1236.00625
28113.13,28122.38,28063.89,28086.22,831.51057
28086.22,28114.94,28018.61,28025.53,861.28992
28025.53,28062.28,28013.15,28032.49,632.37262
28032.49,28034.68,27994.7,28011.62,689.13475
28011.61,28032.64,27990.57,28016.09,481.36415
28016.09,28032.08,27950.0,27987.57,808.50955
27987.58,28046.26,27970.08,28020.66,733.91811
28020.66,28057.0,28010.4,28027.67,857.74147
28027.66,28028.7,27985.38,28014.7,602.58152
28014.71,28020.0,27995.93,28002.53,528.57451
28002.52,28017.04,27897.26,27935.11,949.56192
27935.11,27955.0,27872.11,27904.38,1245.56139
27904.37,27952.17,27875.96,27924.13,896.01823
27924.13,27955.0,27911.41,27911.69,652.30113
27911.7,27935.09,27900.44,27929.8,501.60399
27929.8,27951.0,27885.86,27937.77,664.83265
27937.77,27987.41,27927.71,27938.38,725.76491
27938.38,28075.0,27924.9,28036.76,1092.06788
28036.76,28082.1,28030.0,28077.78,895.69992
28077.78,28083.45,28031.08,28036.3,1108.90867
28036.31,28054.01,28018.63,28027.71,585.88204
28027.71,28041.06,28010.0,28037.39,549.6984
28037.38,28067.46,27991.43,27999.25,557.42993
27999.25,27999.25,27851.0,27880.13,2172.18821
27880.12,27915.34,27840.51,27903.02,1728.95227
27903.01,27922.31,27800.0,27881.64,1306.68226
27881.65,27938.86,27881.64,27898.58,902.78575
27898.59,27914.29,27861.55,27893.22,608.52881
27893.23,27949.99,27866.87,27930.2,652.0314
27930.2,27973.39,27919.4,27930.07,932.20744
27930.07,27930.08,27873.46,27905.62,690.24317
27905.62,27925.01,27800.0,27866.49,1289.98609
27866.48,27918.26,27835.26,27891.91,905.83342
27891.91,27942.55,27890.75,27896.98,687.56525
27896.97,27930.1,27876.68,27906.68,580.57027
27906.67,28050.0,27906.67,28026.72,1153.12228
28027.18,28250.0,27998.88,28195.96,1925.46381
